{   
    "directed": false,
    "multigraph": false,
    "graph": {},
    "nodes": [
        {
            "type": "PASSAGEWAY",
            "pos": [
                28,
                152
            ],
            "id": "1"
        },
        {
            "type": "child",
            "pos": [
                31,
                84
            ],
            "id": "1A"
        },
        {
            "type": "child",
            "pos": [
                22,
                226
            ],
            "id": "1B"
        },
        {
            "type": "CORNER",
            "pos": [
                22,
                316
            ],
            "id": "2"
        },
        {
            "type": "child",
            "pos": [
                25,
                242
            ],
            "id": "2A"
        },
        {
            "type": "child",
            "pos": [
                90,
                312
            ],
            "id": "2B"
        },
        {
            "type": "INTERSECTION",
            "pos": [
                190,
                322
            ],
            "id": "3"
        },
        {
            "type": "child",
            "pos": [
                104,
                312
            ],
            "id": "3A"
        },
        {
            "type": "child",
            "pos": [
                187,
                230
            ],
            "id": "3B"
        },
        {
            "type": "child",
            "pos": [
                284,
                323
            ],
            "id": "3C"
        },
        {
            "type": "PASSAGEWAY",
            "pos": [
                184,
                162
            ],
            "id": "4"
        },
        {
            "type": "child",
            "pos": [
                185,
                255
            ],
            "id": "4A"
        },
        {
            "type": "child",
            "pos": [
                186,
                76
            ],
            "id": "4B"
        },
        {
            "type": "PASSAGEWAY",
            "pos": [
                107,
                320
            ],
            "id": "5"
        },
        {
            "type": "child",
            "pos": [
                33,
                320
            ],
            "id": "5A"
        },
        {
            "type": "child",
            "pos": [
                170,
                320
            ],
            "id": "5B"
        },
        {
            "type": "child",
            "pos":[   
                334,
                326
            ],
            "id": "6"
        },
        {
            "type": "child",
            "pos": [
                236,
                319
            ],
            "id": "6A"
        },
        {
            "type": "child",
            "pos": [
                420,
                319
            ],
            "id": "6B"
        },
        {
            "type": "INTERSECTION",
            "pos": [
                500,
                312
            ],
            "id": "7"
        },
        {
            "type": "child",
            "pos": [
                416,
                313
            ],
            "id": "7A"
        },
        {
            "type": "child",
            "pos": [
                597,
                318
            ],
            "id": "7B"
        },
        {
            "type": "child",
            "pos": [
                509,
                230
            ],
            "id": "7C"
        },
        {
            "type": "PASSAGEWAY",
            "pos": [
                506,
                159
            ],
            "id": "8"
        },
        {
            "type": "child",
            "pos": [
                502,
                232
            ],
            "id": "8A"
        },
        {
            "type": "child",
            "pos": [
                506,
                76
            ],
            "id": "8B"
        },
        {
            "type": "PASSAGEWAY",
            "pos": [
                656,
                152
            ],
            "id": "9"
        },
        {
            "type": "child",
            "pos": [
                654,
                62
            ],
            "id": "9A"
        },
        {
            "type": "child",
            "pos": [
                660,
                221
            ],
            "id": "9B"
        },
        {
            "type": "PASSAGEWAY",
            "pos": [
                771,
                158
            ],
            "id": "10"
        },
        {
            "type": "child",
            "pos": [
                775,
                63
            ],
            "id": "10A"
        },
        {
            "type": "child",
            "pos": [
                768,
                239
            ],
            "id": "10B"
        },
        {
            "type": "PASSAGEWAY",
            "pos": [
                884,
                142
            ],
            "id": "11"
        },
        {
            "type": "child",
            "pos": [
                877,
                51
            ],
            "id": "11A"
        },
        {
            "type": "child",
            "pos": [
                880,
                222
            ],
            "id": "11B"
        },
        {
            "type": "PASSAGEWAY",
            "pos": [
                1006,
                154
            ],
            "id": "12"
        },
        {
            "type": "child",
            "pos": [
                990,
                60
            ],
            "id": "12A"
        },
        {
            "type": "child",
            "pos": [
                996,
                250
            ],
            "id": "12B"
        },
        {
            "type": "PASSAGEWAY",
            "pos": [
                1116,
                147
            ],
            "id": "13"
        },
        {
            "type": "child",
            "pos": [
                1126,
                236
            ],
            "id": "13A"
        },
        {
            "type": "child",
            "pos": [
                1112,
                56
            ],
            "id": "13B"
        },
        {
            "type": "PASSAGEWAY",
            "pos": [
                1248,
                151
            ],
            "id": "14"
        },
        {
            "type": "child",
            "pos": [
                1236,
                65
            ],
            "id": "14A"
        },
        {
            "type": "child",
            "pos": [
                1234,
                245
            ],
            "id": "14B"
        },
        {
            "type": "INTERSECTION",
            "pos": [
                662,
                315
            ],
            "id": "15"
        },
        {
            "type": "child",
            "pos": [
                558,
                320
            ],
            "id": "15A"
        },
        {
            "type": "child",
            "pos": [
                660,
                219
            ],
            "id": "15B"
        },
        {
            "type": "child",
            "pos": [
                758,
                317
            ],
            "id": "15C"
        },
        {
            "type": "INTERSECTION",
            "pos": [
                779,
                319
            ],
            "id": "16"
        },
        {
            "type": "child",
            "pos": [
                683,
                325
            ],
            "id": "16A"
        },
        {
            "type": "child",
            "pos": [
                883,
                317
            ],
            "id": "16B"
        },
        {
            "type": "child",
            "pos": [
                772,
                213
            ],
            "id": "16C"
        },
        {
            "type": "INTERSECTION",
            "pos": [
                892,
                315
            ],
            "id": "17"
        },
        {
            "type": "child",
            "pos": [
                888,
                212
            ],
            "id": "17A"
        },
        {
            "type": "child",
            "pos": [
                802,
                311
            ],
            "id": "17B"
        },
        {
            "type": "child",
            "pos": [
                990,
                320
            ],
            "id": "17C"
        },
        {
            "type": "INTERSECTION",
            "pos": [
                1002,
                308
            ],
            "id": "18"
        },
        {
            "type": "child",
            "pos": [
                887,
                321
            ],
            "id": "18A"
        },
        {
            "type": "child",
            "pos": [
                987,
                210
            ],
            "id": "18B"
        },
        {
            "type": "child",
            "pos": [
                1087,
                328
            ],
            "id": "18C"
        },
        {
            "type": "INTERSECTION",
            "pos": [
                1122,
                314
            ],
            "id": "19"
        },
        {
            "type": "child",
            "pos": [
                1027,
                320
            ],
            "id": "19A"
        },
        {
            "type": "child",
            "pos": [
                1115,
                200
            ],
            "id": "19B"
        },
        {
            "type": "child",
            "pos": [
                1216,
                320
            ],
            "id": "19C"
        },
        {
            "type": "CORNER",
            "pos": [
                1216,
                323
            ],
            "id": "20"
        },
        {
            "type": "child",
            "pos": [
                1117,
                317
            ],
            "id": "20A"
        },
        {
            "type": "child",
            "pos": [
                1249,
                229
            ],
            "id": "20B"
        },
        {
            "type": "OPEN AREA",
            "pos": [
                688,
                506
            ],
            "id": "21"
        },
        {
            "type": "child",
            "pos": [
                637,
                434
            ],
            "id": "21A"
        },
        {
            "type": "child",
            "pos": [
                757,
                438
            ],
            "id": "21B"
        },
        {
            "type": "child",
            "pos": [
                761,
                559
            ],
            "id": "21C"
        },
        {
            "type": "child",
            "pos": [
                612,
                563
            ],
            "id": "21D"
        },
        {
            "type": "OPEN AREA",
            "pos": [
                872,
                490
            ],
            "id": "22"
        },
        {
            "type": "child",
            "pos": [
                830,
                431
            ],
            "id": "22A"
        },
        {
            "type": "child",
            "pos": [
                953,
                432
            ],
            "id": "22B"
        },
        {
            "type": "child",
            "pos": [
                961,
                548
            ],
            "id": "22C"
        },
        {
            "type": "child",
            "pos": [
                832,
                563
            ],
            "id": "22D"
        },
        {
            "type": "OPEN AREA",
            "pos": [
                491,
                419
            ],
            "id": "23"
        },
        {
            "type": "child",
            "pos": [
                412,
                428
            ],
            "id": "23A"
        },
        {
            "type": "child",
            "pos": [
                485,
                336
            ],
            "id": "23B"
        },
        {
            "type": "child",
            "pos": [
                560,
                435
            ],
            "id": "23C"
        },
        {
            "type": "OPEN AREA",
            "pos": [
                276,
                424
            ],
            "id": "24"
        },
        {
            "type": "child",
            "pos": [
                184,
                390
            ],
            "id": "24A"
        },
        {
            "type": "child",
            "pos": [
                369,
                422
            ],
            "id": "24B"
        },
        {
            "type": "child",
            "pos": [
                289,
                348
            ],
            "id": "24C"
        },
        {
            "type": "child",
            "pos": [
                236,
                472
            ],
            "id": "24D"
        },
        {
            "type": "OPEN AREA",
            "pos": [
                1080,
                435
            ],
            "id": "25"
        },
        {
            "type": "child",
            "pos": [
                1009,
                488
            ],
            "id": "25A"
        },
        {
            "type": "child",
            "pos": [
                1193,
                489
            ],
            "id": "25B"
        },
        {
            "type": "child",
            "pos": [
                1090,
                365
            ],
            "id": "25C"
        },
        {
            "type": "child",
            "pos": [
                1178,
                376
            ],
            "id": "25D"
        },
        {
            "type": "CORNER",
            "pos": [
                76,
                671
            ],
            "id": "26"
        },
        {
            "type": "child",
            "pos": [
                73,
                779
            ],
            "id": "26A"
        },
        {
            "type": "child",
            "pos": [
                171,
                660
            ],
            "id": "26B"
        },
        {
            "type": "PASSAGEWAY",
            "pos": [
                243,
                656
            ],
            "id": "27"
        },
        {
            "type": "child",
            "pos": [
                141,
                658
            ],
            "id": "27A"
        },
        {
            "type": "child",
            "pos": [
                319,
                657
            ],
            "id": "27B"
        },
        {
            "type": "PASSAGEWAY",
            "pos": [
                403,
                662
            ],
            "id": "28"
        },
        {
            "type": "child",
            "pos": [
                311,
                658
            ],
            "id": "28A"
        },
        {
            "type": "child",
            "pos": [
                497,
                667
            ],
            "id": "28B"
        },
        {
            "type": "PASSAGEWAY",
            "pos": [
                594,
                659
            ],
            "id": "29"
        },
        {
            "type": "child",
            "pos": [
                496,
                663
            ],
            "id": "29A"
        },
        {
            "type": "child",
            "pos": [
                688,
                657
            ],
            "id": "29B"
        },
        {
            "type": "PASSAGEWAY",
            "pos": [
                760,
                659
            ],
            "id": "30"
        },
        {
            "type": "child",
            "pos": [
                638,
                665
            ],
            "id": "30A"
        },
        {
            "type": "child",
            "pos": [
                861,
                667
            ],
            "id": "30B"
        },
        {
            "type": "child",
            "pos": [
                762,
                604
            ],
            "id": "30C"
        },
        {
            "type": "PASSAGEWAY",
            "pos": [
                935,
                655
            ],
            "id": "31"
        },
        {
            "type": "child",
            "pos": [
                831,
                668
            ],
            "id": "31A"
        },
        {
            "type": "child",
            "pos": [
                929,
                568
            ],
            "id": "31B"
        },
        {
            "type": "child",
            "pos": [
                1032,
                664
            ],
            "id": "31C"
        },
        {
            "type": "CORNER",
            "pos": [
                1206,
                654
            ],
            "id": "32"
        },
        {
            "type": "child",
            "pos": [
                1103,
                659
            ],
            "id": "32A"
        },
        {
            "type": "child",
            "pos": [
                1223,
                560
            ],
            "id": "32B"
        },
        {
            "type": "PASSAGEWAY",
            "pos": [
                1216,
                528
            ],
            "id": "33"
        },
        {
            "type": "child",
            "pos": [
                1232,
                492
            ],
            "id": "33A"
        },
        {
            "type": "child",
            "pos": [
                1222,
                622
            ],
            "id": "33B"
        },
        {
            "type": "PASSAGEWAY",
            "pos": [
                74,
                786
            ],
            "id": "34"
        },
        {
            "type": "child",
            "pos": [
                75,
                834
            ],
            "id": "34A"
        },
        {
            "type": "child",
            "pos": [
                81,
                694
            ],
            "id": "34B"
        }
    ],
    "links": [
        {"source":"1","target":"1A"},
        {"source":"1","target":"1B"},
        {"source":"1","target":"2"},
        {"source":"2","target":"2A"},
        {"source":"2","target":"2B"},
        {"source":"2","target":"5"},
        {"source":"3","target":"3A"},
        {"source":"3","target":"3B"},
        {"source":"3","target":"3C"},
        {"source":"3","target":"5"},
        {"source":"3","target":"4"},
        {"source":"3","target":"6"},
        {"source":"3","target":"24"},
        {"source":"4","target":"4A"},
        {"source":"4","target":"4B"},
        {"source":"5","target":"5A"},
        {"source":"5","target":"5B"},
        {"source":"6","target":"6A"},
        {"source":"6","target":"6B"},
        {"source":"6","target":"24"},
        {"source":"6","target":"7"},
        {"source":"6","target":"23"},
        {"source":"7","target":"7A"},
        {"source":"7","target":"7B"},
        {"source":"7","target":"7C"},
        {"source":"7","target":"8"},
        {"source":"7","target":"23"},
        {"source":"7","target":"15"},
        {"source":"8","target":"8A"},
        {"source":"8","target":"8B"},
        {"source":"9","target":"9A"},
        {"source":"9","target":"9B"},
        {"source":"9","target":"15"},
        {"source":"10","target":"10A"},
        {"source":"10","target":"10B"},
        {"source":"10","target":"16"},
        {"source":"11","target":"11A"},
        {"source":"11","target":"11B"},
        {"source":"11","target":"17"},
        {"source":"12","target":"12A"},
        {"source":"12","target":"12B"},
        {"source":"12","target":"18"},
        {"source":"13","target":"13A"},
        {"source":"13","target":"13B"},
        {"source":"13","target":"19"},
        {"source":"14","target":"14A"},
        {"source":"14","target":"14B"},
        {"source":"14","target":"20"},
        {"source":"15","target":"15A"},
        {"source":"15","target":"15B"},
        {"source":"15","target":"15C"},
        {"source":"15","target":"16"},
        {"source":"15","target":"21"},
        {"source":"16","target":"16A"},
        {"source":"16","target":"16B"},
        {"source":"16","target":"16C"},
        {"source":"16","target":"17"},
        {"source":"16","target":"22"},
        {"source":"16","target":"21"},
        {"source":"17","target":"17A"},
        {"source":"17","target":"17B"},
        {"source":"17","target":"17C"},
        {"source":"17","target":"18"},
        {"source":"17","target":"22"},
        {"source":"17","target":"25"},
        {"source":"18","target":"18A"},
        {"source":"18","target":"18B"},
        {"source":"18","target":"18C"},
        {"source":"18","target":"19"},
        {"source":"18","target":"25"},
        {"source":"19","target":"19A"},
        {"source":"19","target":"19B"},
        {"source":"19","target":"19C"},
        {"source":"19","target":"20"},
        {"source":"19","target":"25"},
        {"source":"20","target":"20A"},
        {"source":"20","target":"20B"},
        {"source":"20","target":"25"},
        {"source":"21","target":"21A"},
        {"source":"21","target":"21B"},
        {"source":"21","target":"21C"},
        {"source":"21","target":"21D"},
        {"source":"21","target":"23"},
        {"source":"21","target":"22"},
        {"source":"21","target":"29"},
        {"source":"21","target":"30"},
        {"source":"22","target":"22A"},
        {"source":"22","target":"22B"},
        {"source":"22","target":"22C"},
        {"source":"22","target":"22D"},
        {"source":"22","target":"25"},
        {"source":"22","target":"30"},
        {"source":"22","target":"31"},
        {"source":"23","target":"23A"},
        {"source":"23","target":"23B"},
        {"source":"23","target":"23C"},
        {"source":"23","target":"24"},
        {"source":"24","target":"24A"},
        {"source":"24","target":"24B"},
        {"source":"24","target":"24C"},
        {"source":"24","target":"24D"},
        {"source":"25","target":"25A"},
        {"source":"25","target":"25B"},
        {"source":"25","target":"25C"},
        {"source":"25","target":"25D"},
        {"source":"26","target":"26A"},
        {"source":"26","target":"26B"},
        {"source":"26","target":"27"},
        {"source":"26","target":"34"},
        {"source":"27","target":"27A"},
        {"source":"27","target":"27B"},
        {"source":"27","target":"28"},
        {"source":"28","target":"28A"},
        {"source":"28","target":"28B"},
        {"source":"28","target":"29"},
        {"source":"29","target":"29A"},
        {"source":"29","target":"29B"},
        {"source":"29","target":"30"},
        {"source":"30","target":"30A"},
        {"source":"30","target":"30B"},
        {"source":"30","target":"30C"},
        {"source":"30","target":"31"},
        {"source":"31","target":"31A"},
        {"source":"31","target":"31B"},
        {"source":"31","target":"31C"},
        {"source":"31","target":"32"},
        {"source":"32","target":"32A"},
        {"source":"32","target":"32B"},
        {"source":"32","target":"33"},
        {"source":"33","target":"33A"},
        {"source":"33","target":"33B"},
        {"source":"34","target":"34A"},
        {"source":"34","target":"34B"}
    ]
}