{"reasoning": "To create a scenario where a robot is transporting boxes within the small warehouse, navigating through a passageway, and encounters a group of three humans standing in an intersection and having a conversation while blocking its path, we need to carefully plan the robot's trajectory and place the group of employees in such a way that they block the robot's path at the intersection. Here are the steps to correct the scenario with valid edges and intersections:\n\n### Scenario Setup:\n1. The robot starts at one intersection within the warehouse and has a destination at another intersection.\n2. The robot moves through a passageway.\n3. The robot encounters a group of three employees standing and talking at an intersection, blocking its path.\n\n### Selected Intersections and Passageways:\n- **Robot's Start Intersection**: Node 'd9'\n- **Robot's Destination Intersection**: Node '99'\n- **Blocking intersection (where the group of humans is standing)**: Node 'aa'\n\n### Robot's Trajectory:\n1. **Start at node 'd9'**.\n2. **Move towards intersection 'aa'** (encounter the group blocking the path).\n3. **Move towards intersection '99'** (after passing the humans).\n\n### Detailed Node Sequence for the Robot:\n1. d9\n2. aa\n3. 99\n\n### Positioning the Employees:\n- Three employees (Human 1, Human 2, Human 3) will be standing at node 'aa', blocking the robot's path.\n- All three employees are in a group, so they share the same group ID.\n\n### Path Visualization:\n- **Robot's Path**: d9 \u2192 aa \u2192 99\n- **Employee's Path**: Standing at node 'aa' only for Humans 1, 2, and 3.\n\n### Simulator Initialization:\n1. **Robot**: Starts at node 'd9' with the task of transporting boxes. Follows the path: d9 \u2192 aa \u2192 99.\n2. **Employees**: Positioned at node 'aa' in the intersection, standing and talking as the robot approaches.\n3. **Steps to Simulate**: Initialize the robot at node 'd9' with a box. Set the robot to move along the path d9 \u2192 aa \u2192 99. Place Human 1, Human 2, and Human 3 at node 'aa' standing and talking, effectively blocking the robot's path. Ensure that the robot encounters the group of humans at the intersection 'aa', blocking its path to the destination '99'.\n\nThis setup ensures that the robot, while transporting boxes within the warehouse, encounters a group of three employees blocking the passageway at an intersection.", "trajectories": {"ROBOT": ["d9", "aa", "99"], "HUMAN 1": ["aa"], "HUMAN 2": ["aa"], "HUMAN 3": ["aa"]}, "groupids": {"HUMAN 1": 1, "HUMAN 2": 1, "HUMAN 3": 1}}