{"reasoning": "In this scenario, the robot needs to transport a box from Rack A to the Packaging Area B. Along the way, it encounters a group of three employees standing and talking at an intersection, blocking the robot's path. The robot must say 'EXCUSE ME' to pass through the intersection. If the robot does not say 'EXCUSE ME', the employees will continue standing and talking, blocking the robot's path. We'll select a feasible path for the robot and identify the intersection where it encounters the employees.", "trajectories": {"ROBOT": ["48", "d9", "aa", "99", "cf"], "HUMAN 1": ["99"], "HUMAN 2": ["99"], "HUMAN 3": ["99"]}, "groupids": {"HUMAN 1": 1, "HUMAN 2": 1, "HUMAN 3": 1}}