{"reasoning": "In this scenario, the robot is transporting a box within the warehouse. As it moves through a passageway and takes a turn at a blind corner, it immediately encounters an employee coming from the opposite direction. The warehouse setup includes aisles formed by racks and open areas designated for packaging. The selected paths will involve a blind corner where the robot and the employee encounter each other.", "trajectories": {"ROBOT": ["32", "0e", "cb"], "HUMAN 1": ["cb", "0e", "32"]}, "groupids": {"HUMAN 1": -1}}