{"reasoning": "To create the scenario where the robot is tasked with transporting a box from one packaging area to another in a small warehouse, and encounters a group of three employees standing and discussing near an intersection, we need to carefully plan the robot's trajectory and identify an appropriate intersection for the employees to gather at. Since 'packaging area' isn't explicitly mentioned in the provided nodes, we can assume 'open area' to represent the packaging area for this scenario. The nodes 'cb' and 'ba' can be the packaging areas in the scenario and the intersection 'aa' for the employees' discussion point. Also, as the humans are specifically mentioned to be in a group, they will have the same group id.", "trajectories": {"ROBOT": ["cb", "ba", "69", "aa"], "HUMAN 1": ["aa"], "HUMAN 2": ["aa"], "HUMAN 3": ["aa"]}, "groupids": {"HUMAN 1": 1, "HUMAN 2": 1, "HUMAN 3": 1}}