{"reasoning": "To create a scenario where a robot starts at NODE 79 inside a narrow aisle in the small warehouse, bordered by racks on both sides, and a human is standing at the opposite end of the aisle, we need to ensure the robot can navigate without blocking the human's path.\n\nScenario Setup:\n1. The robot starts at NODE 79 and moves through the narrow aisle.\n2. The human starts at the opposite end of the aisle (NODE 99) and moves towards their goal.\n3. The robot must navigate without blocking the human's path.\n\nSelected Nodes for the Aisle:\n- Start Node for Robot: NODE 79\n- Start Node for Human: NODE 99\n\nRobot's Trajectory:\n1. Start at NODE 79\n2. Move to NODE 99\n\nHuman's Trajectory:\n1. Start at NODE 99\n2. Move to NODE 79\n\nDetailed Node Sequence for the Robot:\n1. 79\n2. 99\n\nDetailed Node Sequence for the Human:\n1. 99\n2. 79\n\nHuman Group ID:\n- As there is only one human involved and no specific group is mentioned, assign a group id of -1.\n\nPath Visualization:\n- Robot's Path: 79 \u2192 99\n- Human's Path: 99 \u2192 79\n\nSimulator Initialization:\n1. Robot:\n - Starts at NODE 79.\n - Follows the path: 79 \u2192 99.\n2. Human:\n - Starts at NODE 99.\n - Moves towards NODE 79.\n3. Monitor the robot's movement to ensure it does not block the human's path.\n\nThis setup ensures that the robot, while navigating through the narrow aisle, encounters a human at the opposite end and must move without obstructing the human's path.", "trajectories": {"ROBOT": ["79", "99"], "HUMAN 1": ["99", "79"]}, "groupids": {"HUMAN 1": -1}}